nline,col_index,time,k
855627,2,1.250000,0
855627,2,1.113000,1
855627,2,1.168000,2
855627,2,1.098000,3
855627,2,0.945000,4
855627,2,0.966000,5
855627,2,1.214000,6
855627,2,1.234000,7
855627,2,1.306000,8
855627,2,1.335000,9
855627,2,1.223000,10
855627,2,1.211000,11
855627,2,1.283000,12
855627,2,1.409000,13
855627,2,0.981000,14
